GO_ID	term_name	Ontology	term_size	foreground_size	overlap_size	gene_ratio	background_ratio	pvalue	overlap_genes	qvalue	log10_qvalue
GO:0006121	mitochondrial electron transport, succinate to ubiquinone	biological_process	5	514	4	0.00778210116731518	0.000645577792123951	9.0881769528263e-05	23548220;23555981;23557060;23559943	0.0447138306079054	1.34955812278208
GO:0006099	tricarboxylic acid cycle	biological_process	27	514	7	0.0136186770428016	0.00348612007746933	0.00150373077509407	23548220;23548833;23549733;23552787;23555981;23557060;23559943	0.258480336489272	0.58757248962621
GO:0006888	endoplasmic reticulum to Golgi vesicle-mediated transport	biological_process	53	514	10	0.0194552529182879	0.00684312459651388	0.00221445946539304	23548364;23548470;23548490;23549900;23551646;23552618;23553001;23553770;23556887;23556989	0.258480336489272	0.58757248962621
GO:0000340	RNA 7-methylguanosine cap binding	molecular_function	5	514	3	0.00583657587548638	0.000645577792123951	0.00262683268789911	23553905;23554240;23556742	0.258480336489272	0.58757248962621
GO:0008610	lipid biosynthetic process	biological_process	5	514	3	0.00583657587548638	0.000645577792123951	0.00262683268789911	23549874;23549894;23552356	0.258480336489272	0.58757248962621
GO:0006696	ergosterol biosynthetic process	biological_process	24	514	6	0.0116731517509728	0.00309877340219496	0.00398933835472032	23548392;23549727;23551252;23553101;23553352;23556760	0.327125745087067	0.485285275168011
GO:0050661	NADP binding	molecular_function	46	514	8	0.0155642023346304	0.00593931568754035	0.00990384287836619	23548189;23549348;23549909;23552472;23553657;23555499;23556244;23558793	0.5537584633868	0.256679623163281
GO:0005096	GTPase activator activity	molecular_function	29	514	6	0.0116731517509728	0.00374435119431892	0.0106202011580803	23547846;23548049;23551371;23552383;23554082;23556649	0.5537584633868	0.256679623163281
GO:0005839	proteasome core complex	cellular_component	14	514	4	0.00778210116731518	0.00180761781794706	0.0112406110981804	23547857;23548609;23553300;23553991	0.5537584633868	0.256679623163281
GO:0090630	activation of GTPase activity	biological_process	8	514	3	0.00583657587548638	0.00103292446739832	0.0126522632960567	23548049;23552383;23554082	0.5537584633868	0.256679623163281
GO:0031267	small GTPase binding	molecular_function	22	514	5	0.00972762645914397	0.00284054228534538	0.0129373931136709	23548049;23549364;23551646;23553512;23554991	0.5537584633868	0.256679623163281
GO:0005811	lipid droplet	cellular_component	15	514	4	0.00778210116731518	0.00193673337637185	0.0145391372800919	23549633;23553101;23554977;23555505	0.5537584633868	0.256679623163281
GO:0051287	NAD binding	molecular_function	41	514	7	0.0136186770428016	0.0052937378954164	0.0170383011661558	23547866;23548278;23548833;23549348;23552472;23555499;23558503	0.5537584633868	0.256679623163281
GO:0051603	obsolete proteolysis involved in protein catabolic process	biological_process	9	514	3	0.00583657587548638	0.00116204002582311	0.0180551284215222	23547857;23548609;23553991	0.5537584633868	0.256679623163281
GO:0000166	nucleotide binding	molecular_function	24	514	5	0.00972762645914397	0.00309877340219496	0.0187205736890355	23547812;23552323;23555876;23557721;23559350	0.5537584633868	0.256679623163281
GO:0005783	endoplasmic reticulum	cellular_component	127	514	15	0.0291828793774319	0.0163976759199484	0.0206103204931723	23548364;23548470;23548803;23548859;23549633;23549826;23552356;23553201;23553212;23553352;23553766;23555707;23555905;23556777;23556989	0.5537584633868	0.256679623163281
GO:0000776	kinetochore	cellular_component	17	514	4	0.00778210116731518	0.00219496449322143	0.0228173492056382	23552145;23553708;23554258;23557662	0.5537584633868	0.256679623163281
GO:0007030	Golgi organization	biological_process	17	514	4	0.00778210116731518	0.00219496449322143	0.0228173492056382	23548470;23549900;23551646;23556989	0.5537584633868	0.256679623163281
GO:0030674	protein-macromolecule adaptor activity	molecular_function	17	514	4	0.00778210116731518	0.00219496449322143	0.0228173492056382	23548814;23549861;23550861;23554045	0.5537584633868	0.256679623163281
GO:0009055	electron transfer activity	molecular_function	10	514	3	0.00583657587548638	0.0012911555842479	0.0245428168685489	23552787;23555981;23559943	0.5537584633868	0.256679623163281
GO:0006506	GPI anchor biosynthetic process	biological_process	27	514	5	0.00972762645914397	0.00348612007746933	0.0302085009602769	23553201;23553212;23554027;23555293;23557718	0.5537584633868	0.256679623163281
GO:0005868	cytoplasmic dynein complex	cellular_component	5	514	2	0.00389105058365759	0.000645577792123951	0.038432280322475	23547917;23556372	0.5537584633868	0.256679623163281
GO:0006654	phosphatidic acid biosynthetic process	biological_process	5	514	2	0.00389105058365759	0.000645577792123951	0.038432280322475	23549633;23553766	0.5537584633868	0.256679623163281
GO:0008312	7S RNA binding	molecular_function	5	514	2	0.00389105058365759	0.000645577792123951	0.038432280322475	23552345;23553297	0.5537584633868	0.256679623163281
GO:0009097	obsolete isoleucine biosynthetic process	biological_process	5	514	2	0.00389105058365759	0.000645577792123951	0.038432280322475	23550464;23553686	0.5537584633868	0.256679623163281
GO:0006260	DNA replication	biological_process	29	514	5	0.00972762645914397	0.00374435119431892	0.0398841131621247	23552437;23552604;23554470;23557649;23559090	0.5537584633868	0.256679623163281
GO:0003688	DNA replication origin binding	molecular_function	12	514	3	0.00583657587548638	0.00154938670109748	0.040761998763732	23552604;23557649;23559090	0.5537584633868	0.256679623163281
GO:0043565	sequence-specific DNA binding	molecular_function	39	514	6	0.0116731517509728	0.00503550677856682	0.0417848924138642	23548190;23550704;23551998;23553646;23556940;23557253	0.5537584633868	0.256679623163281
GO:0006887	exocytosis	biological_process	21	514	4	0.00778210116731518	0.00271142672692059	0.0465655638068799	23550130;23551584;23555914;23556854	0.5537584633868	0.256679623163281
GO:0031505	fungal-type cell wall organization	biological_process	21	514	4	0.00778210116731518	0.00271142672692059	0.0465655638068799	23550356;23553212;23556249;23557045	0.5537584633868	0.256679623163281
GO:0030134	COPII-coated ER to Golgi transport vesicle	cellular_component	13	514	3	0.00583657587548638	0.00167850225952227	0.0504508382488564	23548470;23549900;23556989	0.5537584633868	0.256679623163281
GO:0000002	obsolete mitochondrial genome maintenance	biological_process	6	514	2	0.00389105058365759	0.000774693350548741	0.0551507412722626	23555909;23558429	0.5537584633868	0.256679623163281
GO:0001678	intracellular glucose homeostasis	biological_process	6	514	2	0.00389105058365759	0.000774693350548741	0.0551507412722626	23550353;23559995	0.5537584633868	0.256679623163281
GO:0004340	glucokinase activity	molecular_function	6	514	2	0.00389105058365759	0.000774693350548741	0.0551507412722626	23550353;23559995	0.5537584633868	0.256679623163281
GO:0005536	D-glucose binding	molecular_function	6	514	2	0.00389105058365759	0.000774693350548741	0.0551507412722626	23550353;23559995	0.5537584633868	0.256679623163281
GO:0005786	signal recognition particle, endoplasmic reticulum targeting	cellular_component	6	514	2	0.00389105058365759	0.000774693350548741	0.0551507412722626	23552345;23553297	0.5537584633868	0.256679623163281
GO:0006037	obsolete cell wall chitin metabolic process	biological_process	6	514	2	0.00389105058365759	0.000774693350548741	0.0551507412722626	23550356;23556249	0.5537584633868	0.256679623163281
GO:0008250	oligosaccharyltransferase complex	cellular_component	6	514	2	0.00389105058365759	0.000774693350548741	0.0551507412722626	23547987;23556796	0.5537584633868	0.256679623163281
GO:0008865	fructokinase activity	molecular_function	6	514	2	0.00389105058365759	0.000774693350548741	0.0551507412722626	23550353;23559995	0.5537584633868	0.256679623163281
GO:0009099	L-valine biosynthetic process	biological_process	6	514	2	0.00389105058365759	0.000774693350548741	0.0551507412722626	23550464;23553686	0.5537584633868	0.256679623163281
GO:0009982	pseudouridine synthase activity	molecular_function	6	514	2	0.00389105058365759	0.000774693350548741	0.0551507412722626	23549998;23554409	0.5537584633868	0.256679623163281
GO:0016593	Cdc73/Paf1 complex	cellular_component	6	514	2	0.00389105058365759	0.000774693350548741	0.0551507412722626	23554375;23556845	0.5537584633868	0.256679623163281
GO:0018279	obsolete protein N-linked glycosylation via asparagine	biological_process	6	514	2	0.00389105058365759	0.000774693350548741	0.0551507412722626	23547987;23556796	0.5537584633868	0.256679623163281
GO:0019158	mannokinase activity	molecular_function	6	514	2	0.00389105058365759	0.000774693350548741	0.0551507412722626	23550353;23559995	0.5537584633868	0.256679623163281
GO:0019878	obsolete L-lysine biosynthetic process via aminoadipic acid	biological_process	6	514	2	0.00389105058365759	0.000774693350548741	0.0551507412722626	23547837;23551265	0.5537584633868	0.256679623163281
GO:0033499	galactose catabolic process via UDP-galactose, Leloir pathway	biological_process	6	514	2	0.00389105058365759	0.000774693350548741	0.0551507412722626	23549243;23552841	0.5537584633868	0.256679623163281
GO:0036402	proteasome-activating activity	molecular_function	6	514	2	0.00389105058365759	0.000774693350548741	0.0551507412722626	23548647;23549036	0.5537584633868	0.256679623163281
GO:0043967	obsolete histone H4 acetylation	biological_process	6	514	2	0.00389105058365759	0.000774693350548741	0.0551507412722626	23556990;23558665	0.5537584633868	0.256679623163281
GO:0051286	cell tip	cellular_component	6	514	2	0.00389105058365759	0.000774693350548741	0.0551507412722626	23551621;23555914	0.5537584633868	0.256679623163281
GO:0005793	endoplasmic reticulum-Golgi intermediate compartment	cellular_component	14	514	3	0.00583657587548638	0.00180761781794706	0.0611445365626772	23548470;23549900;23556989	0.589864940957591	0.229247415665286
GO:0072686	mitotic spindle	cellular_component	14	514	3	0.00583657587548638	0.00180761781794706	0.0611445365626772	23552145;23554994;23556728	0.589864940957591	0.229247415665286
GO:0006405	RNA export from nucleus	biological_process	7	514	2	0.00389105058365759	0.000903808908973531	0.0738856140905776	23553512;23557192	0.637749511097617	0.195349865650651
GO:0008180	COP9 signalosome	cellular_component	7	514	2	0.00389105058365759	0.000903808908973531	0.0738856140905776	23548108;23549954	0.637749511097617	0.195349865650651
GO:0030126	COPI vesicle coat	cellular_component	7	514	2	0.00389105058365759	0.000903808908973531	0.0738856140905776	23552618;23553001	0.637749511097617	0.195349865650651
GO:0042973	glucan endo-1,3-beta-D-glucosidase activity	molecular_function	7	514	2	0.00389105058365759	0.000903808908973531	0.0738856140905776	23550832;23555745	0.637749511097617	0.195349865650651
GO:0051156	glucose 6-phosphate metabolic process	biological_process	7	514	2	0.00389105058365759	0.000903808908973531	0.0738856140905776	23550353;23559995	0.637749511097617	0.195349865650651
GO:0070086	ubiquitin-dependent endocytosis	biological_process	7	514	2	0.00389105058365759	0.000903808908973531	0.0738856140905776	23549861;23550861	0.637749511097617	0.195349865650651
GO:0009277	fungal-type cell wall	cellular_component	35	514	5	0.00972762645914397	0.00451904454486766	0.0790596941559676	23550356;23550832;23551504;23556249;23557045	0.670644302150621	0.173507760862399
GO:0005739	mitochondrion	cellular_component	321	514	28	0.0544747081712062	0.0414460942543576	0.0817353184115018	23548136;23548278;23548715;23548776;23548833;23549072;23549909;23549962;23550353;23550464;23551265;23552472;23552775;23553404;23553417;23553686;23553703;23554312;23554409;23554419;23554509;23555909;23556602;23557060;23558429;23559235;23559918;23559995	0.681589434889134	0.166477150056074
GO:0000070	mitotic sister chromatid segregation	biological_process	8	514	2	0.00389105058365759	0.00103292446739832	0.0942967310220846	23549897;23557662	0.71375371789024	0.146451616532421
GO:0006614	SRP-dependent cotranslational protein targeting to membrane	biological_process	8	514	2	0.00389105058365759	0.00103292446739832	0.0942967310220846	23552345;23553297	0.71375371789024	0.146451616532421
GO:0009423	chorismate biosynthetic process	biological_process	8	514	2	0.00389105058365759	0.00103292446739832	0.0942967310220846	23549073;23551161	0.71375371789024	0.146451616532421
GO:0016832	aldehyde-lyase activity	molecular_function	8	514	2	0.00389105058365759	0.00103292446739832	0.0942967310220846	23548670;23555079	0.71375371789024	0.146451616532421
GO:0030976	thiamine pyrophosphate binding	molecular_function	8	514	2	0.00389105058365759	0.00103292446739832	0.0942967310220846	23550464;23553686	0.71375371789024	0.146451616532421
GO:0061640	cytoskeleton-dependent cytokinesis	biological_process	8	514	2	0.00389105058365759	0.00103292446739832	0.0942967310220846	23554459;23556389	0.71375371789024	0.146451616532421
GO:0009986	cell surface	cellular_component	17	514	3	0.00583657587548638	0.00219496449322143	0.0987511048581855	23550832;23555619;23555745	0.730142183473	0.13659255976312
GO:0005737	cytoplasm	cellular_component	759	514	59	0.114785992217899	0.0979987088444157	0.107611235608857	23547837;23547994;23548013;23548052;23548350;23548514;23548610;23548670;23548776;23548899;23549002;23549072;23549378;23549389;23549404;23549728;23549836;23549861;23549909;23549954;23550434;23550461;23550556;23550861;23551371;23551385;23551395;23551520;23551621;23552323;23552470;23552663;23552744;23552772;23552816;23552841;23552889;23553114;23553133;23553512;23553703;23553905;23553971;23554160;23554286;23554636;23554920;23555274;23555477;23555680;23556165;23556184;23556657;23556823;23556887;23557026;23557224;23557253;23560309	0.730142183473	0.13659255976312
GO:0006886	intracellular protein transport	biological_process	61	514	7	0.0136186770428016	0.0078760490639122	0.107692633943095	23548364;23548470;23548986;23553001;23553770;23556854;23556989	0.730142183473	0.13659255976312
GO:0035556	intracellular signal transduction	biological_process	28	514	4	0.00778210116731518	0.00361523563589413	0.11118398260538	23550899;23555884;23556823;23557224	0.730142183473	0.13659255976312
GO:0043130	ubiquitin binding	molecular_function	28	514	4	0.00778210116731518	0.00361523563589413	0.11118398260538	23548814;23555544;23555905;23557192	0.730142183473	0.13659255976312
GO:0005847	mRNA cleavage and polyadenylation specificity factor complex	cellular_component	9	514	2	0.00389105058365759	0.00116204002582311	0.116080046050817	23547860;23560083	0.730142183473	0.13659255976312
GO:0006974	DNA damage response	biological_process	9	514	2	0.00389105058365759	0.00116204002582311	0.116080046050817	23548631;23554470	0.730142183473	0.13659255976312
GO:0034975	protein folding in endoplasmic reticulum	biological_process	9	514	2	0.00389105058365759	0.00116204002582311	0.116080046050817	23548803;23556777	0.730142183473	0.13659255976312
GO:0042729	DASH complex	cellular_component	9	514	2	0.00389105058365759	0.00116204002582311	0.116080046050817	23554994;23556728	0.730142183473	0.13659255976312
GO:0051123	RNA polymerase II preinitiation complex assembly	biological_process	9	514	2	0.00389105058365759	0.00116204002582311	0.116080046050817	23552402;23552489	0.730142183473	0.13659255976312
GO:0005789	endoplasmic reticulum membrane	cellular_component	100	514	10	0.0194552529182879	0.012911555842479	0.125818246284504	23548364;23548490;23549727;23549900;23553265;23553351;23554027;23554527;23555293;23560106	0.730142183473	0.13659255976312
GO:0008540	proteasome regulatory particle, base subcomplex	cellular_component	10	514	2	0.00389105058365759	0.0012911555842479	0.138964353346384	23548647;23549036	0.730142183473	0.13659255976312
GO:0015630	microtubule cytoskeleton	cellular_component	10	514	2	0.00389105058365759	0.0012911555842479	0.138964353346384	23547998;23554459	0.730142183473	0.13659255976312
GO:0043332	mating projection tip	cellular_component	10	514	2	0.00389105058365759	0.0012911555842479	0.138964353346384	23556657;23557627	0.730142183473	0.13659255976312
GO:0005794	Golgi apparatus	cellular_component	66	514	7	0.0136186770428016	0.00852162685603615	0.146057878688969	23548191;23548470;23549364;23551646;23553967;23556989;23558849	0.730142183473	0.13659255976312
GO:0003697	single-stranded DNA binding	molecular_function	31	514	4	0.00778210116731518	0.0040025823111685	0.146806007838867	23548129;23552604;23557253;23557649	0.730142183473	0.13659255976312
GO:0005829	cytosol	cellular_component	399	514	32	0.0622568093385214	0.0515171078114913	0.150111480340296	23547898;23547906;23547998;23548049;23548083;23548108;23549050;23549073;23549359;23549378;23549861;23549878;23550130;23550353;23550861;23551367;23551392;23551539;23552470;23552618;23553453;23553683;23554104;23554258;23554459;23554461;23555358;23556675;23558236;23558263;23559995;23560363	0.730142183473	0.13659255976312
GO:0003729	mRNA binding	molecular_function	67	514	7	0.0136186770428016	0.00865074241446094	0.154423409514167	23547860;23548519;23548608;23548899;23554324;23558721;23560083	0.730142183473	0.13659255976312
GO:0050660	flavin adenine dinucleotide binding	molecular_function	105	514	10	0.0194552529182879	0.013557133634603	0.157745091770285	23547701;23548189;23550464;23553352;23553686;23553971;23556602;23558263;23558793;23559943	0.730142183473	0.13659255976312
GO:0006413	translational initiation	biological_process	21	514	3	0.00583657587548638	0.00271142672692059	0.159522289370849	23553905;23554197;23554240	0.730142183473	0.13659255976312
GO:0000727	double-strand break repair via break-induced replication	biological_process	11	514	2	0.00389105058365759	0.00142027114267269	0.162708280890143	23552437;23557649	0.730142183473	0.13659255976312
GO:0009086	obsolete methionine biosynthetic process	biological_process	11	514	2	0.00389105058365759	0.00142027114267269	0.162708280890143	23555499;23556177	0.730142183473	0.13659255976312
GO:0004843	cysteine-type deubiquitinase activity	molecular_function	22	514	3	0.00583657587548638	0.00284054228534538	0.176177626014521	23549050;23554461;23560309	0.730142183473	0.13659255976312
GO:0005813	centrosome	cellular_component	22	514	3	0.00583657587548638	0.00284054228534538	0.176177626014521	23551539;23553708;23556372	0.730142183473	0.13659255976312
GO:0006096	glycolytic process	biological_process	12	514	2	0.00389105058365759	0.00154938670109748	0.187097537315425	23550353;23559995	0.730142183473	0.13659255976312
GO:0006396	RNA processing	biological_process	12	514	2	0.00389105058365759	0.00154938670109748	0.187097537315425	23555437;23558777	0.730142183473	0.13659255976312
GO:0007015	actin filament organization	biological_process	12	514	2	0.00389105058365759	0.00154938670109748	0.187097537315425	23556657;23559925	0.730142183473	0.13659255976312
GO:0016251	RNA polymerase II general transcription initiation factor activity	molecular_function	12	514	2	0.00389105058365759	0.00154938670109748	0.187097537315425	23549054;23552489	0.730142183473	0.13659255976312
GO:0019441	obsolete L-tryptophan catabolic process to L-kynurenine	biological_process	12	514	2	0.00389105058365759	0.00154938670109748	0.187097537315425	23551395;23558263	0.730142183473	0.13659255976312
GO:0030145	manganese ion binding	molecular_function	12	514	2	0.00389105058365759	0.00154938670109748	0.187097537315425	23549901;23555253	0.730142183473	0.13659255976312
GO:0044732	mitotic spindle pole body	cellular_component	12	514	2	0.00389105058365759	0.00154938670109748	0.187097537315425	23554994;23556728	0.730142183473	0.13659255976312
GO:0051537	2 iron, 2 sulfur cluster binding	molecular_function	23	514	3	0.00583657587548638	0.00296965784377017	0.193286277660459	23548760;23552787;23553453	0.730142183473	0.13659255976312
GO:0005759	mitochondrial matrix	cellular_component	24	514	3	0.00583657587548638	0.00309877340219496	0.210784342567365	23547680;23552245;23557841	0.730142183473	0.13659255976312
GO:0005778	peroxisomal membrane	cellular_component	24	514	3	0.00583657587548638	0.00309877340219496	0.210784342567365	23554045;23556213;23556225	0.730142183473	0.13659255976312
GO:0030246	carbohydrate binding	molecular_function	24	514	3	0.00583657587548638	0.00309877340219496	0.210784342567365	23549243;23553123;23558008	0.730142183473	0.13659255976312
GO:0004252	serine-type endopeptidase activity	molecular_function	48	514	5	0.00972762645914397	0.00619754680438993	0.211195905950926	23548279;23550318;23557252;23557600;23559891	0.730142183473	0.13659255976312
GO:0000307	cyclin-dependent protein kinase holoenzyme complex	cellular_component	13	514	2	0.00389105058365759	0.00167850225952227	0.211942391691165	23550461;23552806	0.730142183473	0.13659255976312
GO:0006874	intracellular calcium ion homeostasis	biological_process	25	514	3	0.00583657587548638	0.00322788896061975	0.228609784111036	23549778;23554210;23554542	0.730142183473	0.13659255976312
GO:0003690	double-stranded DNA binding	molecular_function	14	514	2	0.00389105058365759	0.00180761781794706	0.237075367545913	23554470;23557386	0.730142183473	0.13659255976312
GO:0003887	DNA-directed DNA polymerase activity	molecular_function	14	514	2	0.00389105058365759	0.00180761781794706	0.237075367545913	23552604;23555876	0.730142183473	0.13659255976312
GO:0005654	nucleoplasm	cellular_component	14	514	2	0.00389105058365759	0.00180761781794706	0.237075367545913	23548608;23551539	0.730142183473	0.13659255976312
GO:0005669	transcription factor TFIID complex	cellular_component	14	514	2	0.00389105058365759	0.00180761781794706	0.237075367545913	23549054;23552402	0.730142183473	0.13659255976312
GO:0006406	mRNA export from nucleus	biological_process	14	514	2	0.00389105058365759	0.00180761781794706	0.237075367545913	23548519;23554286	0.730142183473	0.13659255976312
GO:0043231	intracellular membrane-bounded organelle	cellular_component	39	514	4	0.00778210116731518	0.00503550677856682	0.257952291986721	23549778;23550130;23553154;23554170	0.730142183473	0.13659255976312
GO:0016787	hydrolase activity	molecular_function	78	514	7	0.0136186770428016	0.0100710135571336	0.258950113484444	23548303;23549379;23551261;23555567;23555767;23556742;23557043	0.730142183473	0.13659255976312
GO:0004029	aldehyde dehydrogenase (NAD+) activity	molecular_function	15	514	2	0.00389105058365759	0.00193673337637185	0.262349133878619	23549678;23555594	0.730142183473	0.13659255976312
GO:0006270	DNA replication initiation	biological_process	15	514	2	0.00389105058365759	0.00193673337637185	0.262349133878619	23557649;23559090	0.730142183473	0.13659255976312
GO:0006366	transcription by RNA polymerase II	biological_process	15	514	2	0.00389105058365759	0.00193673337637185	0.262349133878619	23552402;23553932	0.730142183473	0.13659255976312
GO:0046961	proton-transporting ATPase activity, rotational mechanism	molecular_function	15	514	2	0.00389105058365759	0.00193673337637185	0.262349133878619	23548601;23556925	0.730142183473	0.13659255976312
GO:0008017	microtubule binding	molecular_function	27	514	3	0.00583657587548638	0.00348612007746933	0.265005926271468	23552092;23552889;23553708	0.730142183473	0.13659255976312
GO:0008422	beta-glucosidase activity	molecular_function	28	514	3	0.00583657587548638	0.00361523563589413	0.283464559511399	23555619;23558388;23559399	0.730142183473	0.13659255976312
GO:0005666	RNA polymerase III complex	cellular_component	16	514	2	0.00389105058365759	0.00206584893479664	0.287634577242527	23548129;23557721	0.730142183473	0.13659255976312
GO:0007018	microtubule-based movement	biological_process	16	514	2	0.00389105058365759	0.00206584893479664	0.287634577242527	23552092;23556372	0.730142183473	0.13659255976312
GO:0000290	deadenylation-dependent decapping of nuclear-transcribed mRNA	biological_process	5	514	1	0.00194552529182879	0.000645577792123951	0.290675726231553	23556742	0.730142183473	0.13659255976312
GO:0000445	THO complex part of transcription export complex	cellular_component	5	514	1	0.00194552529182879	0.000645577792123951	0.290675726231553	23548519	0.730142183473	0.13659255976312
GO:0005262	calcium channel activity	molecular_function	5	514	1	0.00194552529182879	0.000645577792123951	0.290675726231553	23557333	0.730142183473	0.13659255976312
GO:0005655	nucleolar ribonuclease P complex	cellular_component	5	514	1	0.00194552529182879	0.000645577792123951	0.290675726231553	23554472	0.730142183473	0.13659255976312
GO:0005740	mitochondrial envelope	cellular_component	5	514	1	0.00194552529182879	0.000645577792123951	0.290675726231553	23548220	0.730142183473	0.13659255976312
GO:0005773	vacuole	cellular_component	5	514	1	0.00194552529182879	0.000645577792123951	0.290675726231553	23551184	0.730142183473	0.13659255976312
GO:0006006	glucose metabolic process	biological_process	5	514	1	0.00194552529182879	0.000645577792123951	0.290675726231553	23549243	0.730142183473	0.13659255976312
GO:0006108	malate metabolic process	biological_process	5	514	1	0.00194552529182879	0.000645577792123951	0.290675726231553	23548278	0.730142183473	0.13659255976312
GO:0006400	tRNA modification	biological_process	5	514	1	0.00194552529182879	0.000645577792123951	0.290675726231553	23554409	0.730142183473	0.13659255976312
GO:0006446	regulation of translational initiation	biological_process	5	514	1	0.00194552529182879	0.000645577792123951	0.290675726231553	23553133	0.730142183473	0.13659255976312
GO:0006450	regulation of translational fidelity	biological_process	5	514	1	0.00194552529182879	0.000645577792123951	0.290675726231553	23547994	0.730142183473	0.13659255976312
GO:0006516	glycoprotein catabolic process	biological_process	5	514	1	0.00194552529182879	0.000645577792123951	0.290675726231553	23548280	0.730142183473	0.13659255976312
GO:0006574	L-valine catabolic process	biological_process	5	514	1	0.00194552529182879	0.000645577792123951	0.290675726231553	23552472	0.730142183473	0.13659255976312
GO:0006621	protein retention in ER lumen	biological_process	5	514	1	0.00194552529182879	0.000645577792123951	0.290675726231553	23548470	0.730142183473	0.13659255976312
GO:0006673	inositol phosphoceramide metabolic process	biological_process	5	514	1	0.00194552529182879	0.000645577792123951	0.290675726231553	23547830	0.730142183473	0.13659255976312
GO:0006740	NADPH regeneration	biological_process	5	514	1	0.00194552529182879	0.000645577792123951	0.290675726231553	23552323	0.730142183473	0.13659255976312
GO:0007010	cytoskeleton organization	biological_process	5	514	1	0.00194552529182879	0.000645577792123951	0.290675726231553	23557026	0.730142183473	0.13659255976312
GO:0007166	cell surface receptor signaling pathway	biological_process	5	514	1	0.00194552529182879	0.000645577792123951	0.290675726231553	23557026	0.730142183473	0.13659255976312
GO:0008324	monoatomic cation transmembrane transporter activity	molecular_function	5	514	1	0.00194552529182879	0.000645577792123951	0.290675726231553	23554210	0.730142183473	0.13659255976312
GO:0008677	2-dehydropantoate 2-reductase activity	molecular_function	5	514	1	0.00194552529182879	0.000645577792123951	0.290675726231553	23549909	0.730142183473	0.13659255976312
GO:0008721	D-serine ammonia-lyase activity	molecular_function	5	514	1	0.00194552529182879	0.000645577792123951	0.290675726231553	23549690	0.730142183473	0.13659255976312
GO:0015940	pantothenate biosynthetic process	biological_process	5	514	1	0.00194552529182879	0.000645577792123951	0.290675726231553	23551449	0.730142183473	0.13659255976312
GO:0016151	nickel cation binding	molecular_function	5	514	1	0.00194552529182879	0.000645577792123951	0.290675726231553	23554233	0.730142183473	0.13659255976312
GO:0016514	SWI/SNF complex	cellular_component	5	514	1	0.00194552529182879	0.000645577792123951	0.290675726231553	23557611	0.730142183473	0.13659255976312
GO:0016559	peroxisome fission	biological_process	5	514	1	0.00194552529182879	0.000645577792123951	0.290675726231553	23556213	0.730142183473	0.13659255976312
GO:0017070	U6 snRNA binding	molecular_function	5	514	1	0.00194552529182879	0.000645577792123951	0.290675726231553	23547957	0.730142183473	0.13659255976312
GO:0018230	peptidyl-L-cysteine S-palmitoylation	biological_process	5	514	1	0.00194552529182879	0.000645577792123951	0.290675726231553	23554359	0.730142183473	0.13659255976312
GO:0018344	protein geranylgeranylation	biological_process	5	514	1	0.00194552529182879	0.000645577792123951	0.290675726231553	23554206	0.730142183473	0.13659255976312
GO:0018580	nitronate monooxygenase activity	molecular_function	5	514	1	0.00194552529182879	0.000645577792123951	0.290675726231553	23558995	0.730142183473	0.13659255976312
GO:0019509	obsolete L-methionine salvage from methylthioadenosine	biological_process	5	514	1	0.00194552529182879	0.000645577792123951	0.290675726231553	23552248	0.730142183473	0.13659255976312
GO:0019632	shikimate metabolic process	biological_process	5	514	1	0.00194552529182879	0.000645577792123951	0.290675726231553	23551161	0.730142183473	0.13659255976312
GO:0030544	Hsp70 protein binding	molecular_function	5	514	1	0.00194552529182879	0.000645577792123951	0.290675726231553	23551385	0.730142183473	0.13659255976312
GO:0030904	retromer complex	cellular_component	5	514	1	0.00194552529182879	0.000645577792123951	0.290675726231553	23548986	0.730142183473	0.13659255976312
GO:0031048	regulatory ncRNA-mediated heterochromatin formation	biological_process	5	514	1	0.00194552529182879	0.000645577792123951	0.290675726231553	23558515	0.730142183473	0.13659255976312
GO:0031390	Ctf18 RFC-like complex	cellular_component	5	514	1	0.00194552529182879	0.000645577792123951	0.290675726231553	23548119	0.730142183473	0.13659255976312
GO:0031490	chromatin DNA binding	molecular_function	5	514	1	0.00194552529182879	0.000645577792123951	0.290675726231553	23548631	0.730142183473	0.13659255976312
GO:0032008	positive regulation of TOR signaling	biological_process	5	514	1	0.00194552529182879	0.000645577792123951	0.290675726231553	23556098	0.730142183473	0.13659255976312
GO:0032508	obsolete DNA duplex unwinding	biological_process	5	514	1	0.00194552529182879	0.000645577792123951	0.290675726231553	23558633	0.730142183473	0.13659255976312
GO:0032786	positive regulation of DNA-templated transcription, elongation	biological_process	5	514	1	0.00194552529182879	0.000645577792123951	0.290675726231553	23548519	0.730142183473	0.13659255976312
GO:0032956	regulation of actin cytoskeleton organization	biological_process	5	514	1	0.00194552529182879	0.000645577792123951	0.290675726231553	23547846	0.730142183473	0.13659255976312
GO:0034657	GID complex	cellular_component	5	514	1	0.00194552529182879	0.000645577792123951	0.290675726231553	23552744	0.730142183473	0.13659255976312
GO:0043169	cation binding	molecular_function	5	514	1	0.00194552529182879	0.000645577792123951	0.290675726231553	23551296	0.730142183473	0.13659255976312
GO:0045040	protein insertion into mitochondrial outer membrane	biological_process	5	514	1	0.00194552529182879	0.000645577792123951	0.290675726231553	23555327	0.730142183473	0.13659255976312
GO:0045493	xylan catabolic process	biological_process	5	514	1	0.00194552529182879	0.000645577792123951	0.290675726231553	23550926	0.730142183473	0.13659255976312
GO:0055088	lipid homeostasis	biological_process	5	514	1	0.00194552529182879	0.000645577792123951	0.290675726231553	23556864	0.730142183473	0.13659255976312
GO:0070916	inositol phosphoceramide synthase complex	cellular_component	5	514	1	0.00194552529182879	0.000645577792123951	0.290675726231553	23547830	0.730142183473	0.13659255976312
GO:0072659	protein localization to plasma membrane	biological_process	5	514	1	0.00194552529182879	0.000645577792123951	0.290675726231553	23555804	0.730142183473	0.13659255976312
GO:1902975	mitotic DNA replication initiation	biological_process	5	514	1	0.00194552529182879	0.000645577792123951	0.290675726231553	23552604	0.730142183473	0.13659255976312
GO:0005643	nuclear pore	cellular_component	17	514	2	0.00389105058365759	0.00219496449322143	0.312819040227105	23551371;23557192	0.730142183473	0.13659255976312
GO:0006470	protein dephosphorylation	biological_process	17	514	2	0.00389105058365759	0.00219496449322143	0.312819040227105	23548052;23551296	0.730142183473	0.13659255976312
GO:0031625	ubiquitin protein ligase binding	molecular_function	17	514	2	0.00389105058365759	0.00219496449322143	0.312819040227105	23549861;23550861	0.730142183473	0.13659255976312
GO:0006508	proteolysis	biological_process	139	514	11	0.0214007782101167	0.0179470626210458	0.316685357246816	23548279;23549002;23550318;23551650;23553631;23555458;23557252;23557600;23559891;23560353;23560604	0.730142183473	0.13659255976312
GO:0005615	obsolete extracellular space	cellular_component	30	514	3	0.00583657587548638	0.00387346675274371	0.320643622990409	23548279;23550318;23557600	0.730142183473	0.13659255976312
GO:0006897	endocytosis	biological_process	30	514	3	0.00583657587548638	0.00387346675274371	0.320643622990409	23548366;23550130;23556657	0.730142183473	0.13659255976312
GO:0140658	ATP-dependent chromatin remodeler activity	molecular_function	30	514	3	0.00583657587548638	0.00387346675274371	0.320643622990409	23554391;23557137;23558091	0.730142183473	0.13659255976312
GO:0000103	sulfate assimilation	biological_process	6	514	1	0.00194552529182879	0.000774693350548741	0.337780723223411	23548772	0.730142183473	0.13659255976312
GO:0000172	ribonuclease MRP complex	cellular_component	6	514	1	0.00194552529182879	0.000774693350548741	0.337780723223411	23554472	0.730142183473	0.13659255976312
GO:0000993	RNA polymerase II complex binding	molecular_function	6	514	1	0.00194552529182879	0.000774693350548741	0.337780723223411	23554375	0.730142183473	0.13659255976312
GO:0003958	NADPH-hemoprotein reductase activity	molecular_function	6	514	1	0.00194552529182879	0.000774693350548741	0.337780723223411	23558263	0.730142183473	0.13659255976312
GO:0004069	L-aspartate:2-oxoglutarate transaminase activity	molecular_function	6	514	1	0.00194552529182879	0.000774693350548741	0.337780723223411	23556675	0.730142183473	0.13659255976312
GO:0004467	long-chain fatty acid-CoA ligase activity	molecular_function	6	514	1	0.00194552529182879	0.000774693350548741	0.337780723223411	23548859	0.730142183473	0.13659255976312
GO:0004565	beta-galactosidase activity	molecular_function	6	514	1	0.00194552529182879	0.000774693350548741	0.337780723223411	23551184	0.730142183473	0.13659255976312
GO:0004622	phosphatidylcholine lysophospholipase A1 activity	molecular_function	6	514	1	0.00194552529182879	0.000774693350548741	0.337780723223411	23548431	0.730142183473	0.13659255976312
GO:0004725	protein tyrosine phosphatase activity	molecular_function	6	514	1	0.00194552529182879	0.000774693350548741	0.337780723223411	23548052	0.730142183473	0.13659255976312
GO:0005199	structural constituent of cell wall	molecular_function	6	514	1	0.00194552529182879	0.000774693350548741	0.337780723223411	23557045	0.730142183473	0.13659255976312
GO:0005200	structural constituent of cytoskeleton	molecular_function	6	514	1	0.00194552529182879	0.000774693350548741	0.337780723223411	23554152	0.730142183473	0.13659255976312
GO:0005664	nuclear origin of replication recognition complex	cellular_component	6	514	1	0.00194552529182879	0.000774693350548741	0.337780723223411	23559090	0.730142183473	0.13659255976312
GO:0006120	mitochondrial electron transport, NADH to ubiquinone	biological_process	6	514	1	0.00194552529182879	0.000774693350548741	0.337780723223411	23547866	0.730142183473	0.13659255976312
GO:0006488	dolichol-linked oligosaccharide biosynthetic process	biological_process	6	514	1	0.00194552529182879	0.000774693350548741	0.337780723223411	23556882	0.730142183473	0.13659255976312
GO:0006656	phosphatidylcholine biosynthetic process	biological_process	6	514	1	0.00194552529182879	0.000774693350548741	0.337780723223411	23554636	0.730142183473	0.13659255976312
GO:0007032	endosome organization	biological_process	6	514	1	0.00194552529182879	0.000774693350548741	0.337780723223411	23556364	0.730142183473	0.13659255976312
GO:0008137	NADH dehydrogenase (ubiquinone) activity	molecular_function	6	514	1	0.00194552529182879	0.000774693350548741	0.337780723223411	23547866	0.730142183473	0.13659255976312
GO:0008240	tripeptidyl-peptidase activity	molecular_function	6	514	1	0.00194552529182879	0.000774693350548741	0.337780723223411	23557252	0.730142183473	0.13659255976312
GO:0008608	attachment of spindle microtubules to kinetochore	biological_process	6	514	1	0.00194552529182879	0.000774693350548741	0.337780723223411	23556728	0.730142183473	0.13659255976312
GO:0009073	aromatic amino acid biosynthetic process	biological_process	6	514	1	0.00194552529182879	0.000774693350548741	0.337780723223411	23549073	0.730142183473	0.13659255976312
GO:0009408	response to heat	biological_process	6	514	1	0.00194552529182879	0.000774693350548741	0.337780723223411	23551385	0.730142183473	0.13659255976312
GO:0009927	histidine phosphotransfer kinase activity	molecular_function	6	514	1	0.00194552529182879	0.000774693350548741	0.337780723223411	23554690	0.730142183473	0.13659255976312
GO:0016853	isomerase activity	molecular_function	6	514	1	0.00194552529182879	0.000774693350548741	0.337780723223411	23555477	0.730142183473	0.13659255976312
GO:0030010	establishment of cell polarity	biological_process	6	514	1	0.00194552529182879	0.000774693350548741	0.337780723223411	23551621	0.730142183473	0.13659255976312
GO:0030011	maintenance of cell polarity	biological_process	6	514	1	0.00194552529182879	0.000774693350548741	0.337780723223411	23550130	0.730142183473	0.13659255976312
GO:0030127	COPII vesicle coat	cellular_component	6	514	1	0.00194552529182879	0.000774693350548741	0.337780723223411	23553770	0.730142183473	0.13659255976312
GO:0030638	polyketide metabolic process	biological_process	6	514	1	0.00194552529182879	0.000774693350548741	0.337780723223411	23550892	0.730142183473	0.13659255976312
GO:0031167	rRNA methylation	biological_process	6	514	1	0.00194552529182879	0.000774693350548741	0.337780723223411	23552245	0.730142183473	0.13659255976312
GO:0031966	mitochondrial membrane	cellular_component	6	514	1	0.00194552529182879	0.000774693350548741	0.337780723223411	23552787	0.730142183473	0.13659255976312
GO:0032541	cortical endoplasmic reticulum	cellular_component	6	514	1	0.00194552529182879	0.000774693350548741	0.337780723223411	23558849	0.730142183473	0.13659255976312
GO:0032934	sterol binding	molecular_function	6	514	1	0.00194552529182879	0.000774693350548741	0.337780723223411	23554527	0.730142183473	0.13659255976312
GO:0033179	proton-transporting V-type ATPase, V0 domain	cellular_component	6	514	1	0.00194552529182879	0.000774693350548741	0.337780723223411	23556925	0.730142183473	0.13659255976312
GO:0033615	mitochondrial proton-transporting ATP synthase complex assembly	biological_process	6	514	1	0.00194552529182879	0.000774693350548741	0.337780723223411	23552775	0.730142183473	0.13659255976312
GO:0042276	error-prone translesion synthesis	biological_process	6	514	1	0.00194552529182879	0.000774693350548741	0.337780723223411	23555876	0.730142183473	0.13659255976312
GO:0044255	obsolete cellular lipid metabolic process	biological_process	6	514	1	0.00194552529182879	0.000774693350548741	0.337780723223411	23557643	0.730142183473	0.13659255976312
GO:0051315	attachment of mitotic spindle microtubules to kinetochore	biological_process	6	514	1	0.00194552529182879	0.000774693350548741	0.337780723223411	23552145	0.730142183473	0.13659255976312
GO:0061631	ubiquitin conjugating enzyme activity	molecular_function	6	514	1	0.00194552529182879	0.000774693350548741	0.337780723223411	23555557	0.730142183473	0.13659255976312
GO:0070971	endoplasmic reticulum exit site	cellular_component	6	514	1	0.00194552529182879	0.000774693350548741	0.337780723223411	23553770	0.730142183473	0.13659255976312
GO:0071007	U2-type catalytic step 2 spliceosome	cellular_component	6	514	1	0.00194552529182879	0.000774693350548741	0.337780723223411	23560363	0.730142183473	0.13659255976312
GO:0071555	cell wall organization	biological_process	6	514	1	0.00194552529182879	0.000774693350548741	0.337780723223411	23550832	0.730142183473	0.13659255976312
GO:0006890	retrograde vesicle-mediated transport, Golgi to endoplasmic reticulum	biological_process	18	514	2	0.00389105058365759	0.00232408005164622	0.337804712807691	23552618;23553001	0.730142183473	0.13659255976312
GO:0009251	glucan catabolic process	biological_process	31	514	3	0.00583657587548638	0.0040025823111685	0.339269081756646	23555619;23558388;23559399	0.730142183473	0.13659255976312
GO:0016757	glycosyltransferase activity	molecular_function	31	514	3	0.00583657587548638	0.0040025823111685	0.339269081756646	23550356;23552970;23556249	0.730142183473	0.13659255976312
GO:0004190	aspartic-type endopeptidase activity	molecular_function	19	514	2	0.00389105058365759	0.00245319561007101	0.362507164090364	23551650;23553631	0.730142183473	0.13659255976312
GO:0006289	nucleotide-excision repair	biological_process	19	514	2	0.00389105058365759	0.00245319561007101	0.362507164090364	23556129;23557117	0.730142183473	0.13659255976312
GO:0006367	transcription initiation at RNA polymerase II promoter	biological_process	19	514	2	0.00389105058365759	0.00245319561007101	0.362507164090364	23549054;23552489	0.730142183473	0.13659255976312
GO:0016791	phosphatase activity	molecular_function	19	514	2	0.00389105058365759	0.00245319561007101	0.362507164090364	23550434;23550556	0.730142183473	0.13659255976312
GO:0030479	actin cortical patch	cellular_component	19	514	2	0.00389105058365759	0.00245319561007101	0.362507164090364	23556657;23557643	0.730142183473	0.13659255976312
GO:0046540	U4/U6 x U5 tri-snRNP complex	cellular_component	19	514	2	0.00389105058365759	0.00245319561007101	0.362507164090364	23547957;23560363	0.730142183473	0.13659255976312
GO:0000162	L-tryptophan biosynthetic process	biological_process	7	514	1	0.00194552529182879	0.000903808908973531	0.381763241412217	23548083	0.730142183473	0.13659255976312
GO:0000812	Swr1 complex	cellular_component	7	514	1	0.00194552529182879	0.000903808908973531	0.381763241412217	23556990	0.730142183473	0.13659255976312
GO:0000977	RNA polymerase II transcription regulatory region sequence-specific DNA binding	molecular_function	7	514	1	0.00194552529182879	0.000903808908973531	0.381763241412217	23548996	0.730142183473	0.13659255976312
GO:0003678	DNA helicase activity	molecular_function	7	514	1	0.00194552529182879	0.000903808908973531	0.381763241412217	23559240	0.730142183473	0.13659255976312
GO:0003714	transcription corepressor activity	molecular_function	7	514	1	0.00194552529182879	0.000903808908973531	0.381763241412217	23556990	0.730142183473	0.13659255976312
GO:0004764	shikimate 3-dehydrogenase (NADP+) activity	molecular_function	7	514	1	0.00194552529182879	0.000903808908973531	0.381763241412217	23551161	0.730142183473	0.13659255976312
GO:0005871	kinesin complex	cellular_component	7	514	1	0.00194552529182879	0.000903808908973531	0.381763241412217	23553708	0.730142183473	0.13659255976312
GO:0005885	Arp2/3 protein complex	cellular_component	7	514	1	0.00194552529182879	0.000903808908973531	0.381763241412217	23554152	0.730142183473	0.13659255976312
GO:0006189	'de novo' IMP biosynthetic process	biological_process	7	514	1	0.00194552529182879	0.000903808908973531	0.381763241412217	23549878	0.730142183473	0.13659255976312
GO:0006465	obsolete signal peptide processing	biological_process	7	514	1	0.00194552529182879	0.000903808908973531	0.381763241412217	23553915	0.730142183473	0.13659255976312
GO:0006612	protein targeting to membrane	biological_process	7	514	1	0.00194552529182879	0.000903808908973531	0.381763241412217	23554359	0.730142183473	0.13659255976312
GO:0006646	phosphatidylethanolamine biosynthetic process	biological_process	7	514	1	0.00194552529182879	0.000903808908973531	0.381763241412217	23554636	0.730142183473	0.13659255976312
GO:0007020	microtubule nucleation	biological_process	7	514	1	0.00194552529182879	0.000903808908973531	0.381763241412217	23553708	0.730142183473	0.13659255976312
GO:0009435	NAD+ biosynthetic process	biological_process	7	514	1	0.00194552529182879	0.000903808908973531	0.381763241412217	23551395	0.730142183473	0.13659255976312
GO:0015035	protein-disulfide reductase activity	molecular_function	7	514	1	0.00194552529182879	0.000903808908973531	0.381763241412217	23551224	0.730142183473	0.13659255976312
GO:0015248	obsolete sterol transporter activity	molecular_function	7	514	1	0.00194552529182879	0.000903808908973531	0.381763241412217	23550130	0.730142183473	0.13659255976312
GO:0015629	actin cytoskeleton	cellular_component	7	514	1	0.00194552529182879	0.000903808908973531	0.381763241412217	23554152	0.730142183473	0.13659255976312
GO:0016197	endosomal transport	biological_process	7	514	1	0.00194552529182879	0.000903808908973531	0.381763241412217	23556657	0.730142183473	0.13659255976312
GO:0017183	protein histidyl modification to diphthamide	biological_process	7	514	1	0.00194552529182879	0.000903808908973531	0.381763241412217	23554559	0.730142183473	0.13659255976312
GO:0019773	proteasome core complex, alpha-subunit complex	cellular_component	7	514	1	0.00194552529182879	0.000903808908973531	0.381763241412217	23553300	0.730142183473	0.13659255976312
GO:0030008	TRAPP complex	cellular_component	7	514	1	0.00194552529182879	0.000903808908973531	0.381763241412217	23556887	0.730142183473	0.13659255976312
GO:0030036	actin cytoskeleton organization	biological_process	7	514	1	0.00194552529182879	0.000903808908973531	0.381763241412217	23554370	0.730142183473	0.13659255976312
GO:0030234	enzyme regulator activity	molecular_function	7	514	1	0.00194552529182879	0.000903808908973531	0.381763241412217	23556959	0.730142183473	0.13659255976312
GO:0030968	endoplasmic reticulum unfolded protein response	biological_process	7	514	1	0.00194552529182879	0.000903808908973531	0.381763241412217	23557701	0.730142183473	0.13659255976312
GO:0031105	septin complex	cellular_component	7	514	1	0.00194552529182879	0.000903808908973531	0.381763241412217	23554459	0.730142183473	0.13659255976312
GO:0032979	protein insertion into mitochondrial inner membrane from matrix	biological_process	7	514	1	0.00194552529182879	0.000903808908973531	0.381763241412217	23557743	0.730142183473	0.13659255976312
GO:0034314	Arp2/3 complex-mediated actin nucleation	biological_process	7	514	1	0.00194552529182879	0.000903808908973531	0.381763241412217	23554152	0.730142183473	0.13659255976312
GO:0036211	protein modification process	biological_process	7	514	1	0.00194552529182879	0.000903808908973531	0.381763241412217	23554920	0.730142183473	0.13659255976312
GO:0051382	kinetochore assembly	biological_process	7	514	1	0.00194552529182879	0.000903808908973531	0.381763241412217	23549897	0.730142183473	0.13659255976312
GO:0072546	EMC complex	cellular_component	7	514	1	0.00194552529182879	0.000903808908973531	0.381763241412217	23548803	0.730142183473	0.13659255976312
GO:0003743	translation initiation factor activity	molecular_function	34	514	3	0.00583657587548638	0.00438992898644287	0.394782047463199	23553905;23554240;23554324	0.730142183473	0.13659255976312
GO:0016192	vesicle-mediated transport	biological_process	35	514	3	0.00583657587548638	0.00451904454486766	0.413041667339595	23549364;23553154;23554170	0.730142183473	0.13659255976312
GO:0000026	alpha-1,2-mannosyltransferase activity	molecular_function	8	514	1	0.00194552529182879	0.00103292446739832	0.422829885753664	23554027	0.730142183473	0.13659255976312
GO:0000175	3'-5'-RNA exonuclease activity	molecular_function	8	514	1	0.00194552529182879	0.00103292446739832	0.422829885753664	23552110	0.730142183473	0.13659255976312
GO:0000184	nuclear-transcribed mRNA catabolic process, nonsense-mediated decay	biological_process	8	514	1	0.00194552529182879	0.00103292446739832	0.422829885753664	23548899	0.730142183473	0.13659255976312
GO:0004096	catalase activity	molecular_function	8	514	1	0.00194552529182879	0.00103292446739832	0.422829885753664	23553683	0.730142183473	0.13659255976312
GO:0004300	enoyl-CoA hydratase activity	molecular_function	8	514	1	0.00194552529182879	0.00103292446739832	0.422829885753664	23559918	0.730142183473	0.13659255976312
GO:0004386	helicase activity	molecular_function	8	514	1	0.00194552529182879	0.00103292446739832	0.422829885753664	23558515	0.730142183473	0.13659255976312
GO:0005940	septin ring	cellular_component	8	514	1	0.00194552529182879	0.00103292446739832	0.422829885753664	23554459	0.730142183473	0.13659255976312
GO:0007064	mitotic sister chromatid cohesion	biological_process	8	514	1	0.00194552529182879	0.00103292446739832	0.422829885753664	23548119	0.730142183473	0.13659255976312
GO:0007094	mitotic spindle assembly checkpoint signaling	biological_process	8	514	1	0.00194552529182879	0.00103292446739832	0.422829885753664	23552145	0.730142183473	0.13659255976312
GO:0008195	phosphatidate phosphatase activity	molecular_function	8	514	1	0.00194552529182879	0.00103292446739832	0.422829885753664	23557643	0.730142183473	0.13659255976312
GO:0008374	obsolete O-acyltransferase activity	molecular_function	8	514	1	0.00194552529182879	0.00103292446739832	0.422829885753664	23556991	0.730142183473	0.13659255976312
GO:0009231	riboflavin biosynthetic process	biological_process	8	514	1	0.00194552529182879	0.00103292446739832	0.422829885753664	23548613	0.730142183473	0.13659255976312
GO:0016407	acetyltransferase activity	molecular_function	8	514	1	0.00194552529182879	0.00103292446739832	0.422829885753664	23556991	0.730142183473	0.13659255976312
GO:0016628	oxidoreductase activity, acting on the CH-CH group of donors, NAD or NADP as acceptor	molecular_function	8	514	1	0.00194552529182879	0.00103292446739832	0.422829885753664	23557800	0.730142183473	0.13659255976312
GO:0031072	heat shock protein binding	molecular_function	8	514	1	0.00194552529182879	0.00103292446739832	0.422829885753664	23549404	0.730142183473	0.13659255976312
GO:0031380	nuclear RNA-directed RNA polymerase complex	cellular_component	8	514	1	0.00194552529182879	0.00103292446739832	0.422829885753664	23558515	0.730142183473	0.13659255976312
GO:0032436	positive regulation of proteasomal ubiquitin-dependent protein catabolic process	biological_process	8	514	1	0.00194552529182879	0.00103292446739832	0.422829885753664	23556165	0.730142183473	0.13659255976312
GO:0046777	protein autophosphorylation	biological_process	8	514	1	0.00194552529182879	0.00103292446739832	0.422829885753664	23554690	0.730142183473	0.13659255976312
GO:0048015	phosphatidylinositol-mediated signaling	biological_process	8	514	1	0.00194552529182879	0.00103292446739832	0.422829885753664	23548610	0.730142183473	0.13659255976312
GO:0048278	vesicle docking	biological_process	8	514	1	0.00194552529182879	0.00103292446739832	0.422829885753664	23556854	0.730142183473	0.13659255976312
GO:0071014	post-mRNA release spliceosomal complex	cellular_component	8	514	1	0.00194552529182879	0.00103292446739832	0.422829885753664	23553856	0.730142183473	0.13659255976312
GO:0000287	magnesium ion binding	molecular_function	50	514	4	0.00778210116731518	0.00645577792123951	0.426251745822613	23548833;23550464;23551520;23553686	0.730142183473	0.13659255976312
GO:0046872	metal ion binding	molecular_function	79	514	6	0.0116731517509728	0.0102001291155584	0.428149612927309	23549878;23555067;23555544;23556432;23558263;23558515	0.730142183473	0.13659255976312
GO:0000049	tRNA binding	molecular_function	22	514	2	0.00389105058365759	0.00284054228534538	0.434244260119167	23547994;23552209	0.730142183473	0.13659255976312
GO:0140662	ATP-dependent protein folding chaperone	molecular_function	22	514	2	0.00389105058365759	0.00284054228534538	0.434244260119167	23549359;23557701	0.730142183473	0.13659255976312
GO:0006629	lipid metabolic process	biological_process	37	514	3	0.00583657587548638	0.00477727566171724	0.449001644436771	23549139;23549480;23551367	0.730142183473	0.13659255976312
GO:0030433	obsolete ubiquitin-dependent ERAD pathway	biological_process	23	514	2	0.00389105058365759	0.00296965784377017	0.457192639400948	23548647;23555905	0.730142183473	0.13659255976312
GO:1902600	proton transmembrane transport	biological_process	23	514	2	0.00389105058365759	0.00296965784377017	0.457192639400948	23548601;23556925	0.730142183473	0.13659255976312
GO:0000398	mRNA splicing, via spliceosome	biological_process	67	514	5	0.00972762645914397	0.00865074241446094	0.460941239564196	23547935;23547957;23548608;23557057;23560363	0.730142183473	0.13659255976312
GO:0005743	mitochondrial inner membrane	cellular_component	67	514	5	0.00972762645914397	0.00865074241446094	0.460941239564196	23554541;23555798;23556864;23557333;23557743	0.730142183473	0.13659255976312
GO:0000723	telomere maintenance	biological_process	9	514	1	0.00194552529182879	0.00116204002582311	0.461173615716521	23559240	0.730142183473	0.13659255976312
GO:0003959	NADPH dehydrogenase activity	molecular_function	9	514	1	0.00194552529182879	0.00116204002582311	0.461173615716521	23553657	0.730142183473	0.13659255976312
GO:0004185	serine-type carboxypeptidase activity	molecular_function	9	514	1	0.00194552529182879	0.00116204002582311	0.461173615716521	23555458	0.730142183473	0.13659255976312
GO:0004650	polygalacturonase activity	molecular_function	9	514	1	0.00194552529182879	0.00116204002582311	0.461173615716521	23553740	0.730142183473	0.13659255976312
GO:0004693	cyclin-dependent protein serine/threonine kinase activity	molecular_function	9	514	1	0.00194552529182879	0.00116204002582311	0.461173615716521	23550461	0.730142183473	0.13659255976312
GO:0004842	ubiquitin-protein transferase activity	molecular_function	9	514	1	0.00194552529182879	0.00116204002582311	0.461173615716521	23552744	0.730142183473	0.13659255976312
GO:0005675	transcription factor TFIIH holo complex	cellular_component	9	514	1	0.00194552529182879	0.00116204002582311	0.461173615716521	23556129	0.730142183473	0.13659255976312
GO:0005938	cell cortex	cellular_component	9	514	1	0.00194552529182879	0.00116204002582311	0.461173615716521	23547846	0.730142183473	0.13659255976312
GO:0006486	obsolete protein glycosylation	biological_process	9	514	1	0.00194552529182879	0.00116204002582311	0.461173615716521	23555293	0.730142183473	0.13659255976312
GO:0006559	L-phenylalanine catabolic process	biological_process	9	514	1	0.00194552529182879	0.00116204002582311	0.461173615716521	23549728	0.730142183473	0.13659255976312
GO:0008033	tRNA processing	biological_process	9	514	1	0.00194552529182879	0.00116204002582311	0.461173615716521	23554472	0.730142183473	0.13659255976312
GO:0008236	serine-type peptidase activity	molecular_function	9	514	1	0.00194552529182879	0.00116204002582311	0.461173615716521	23560604	0.730142183473	0.13659255976312
GO:0008654	phospholipid biosynthetic process	biological_process	9	514	1	0.00194552529182879	0.00116204002582311	0.461173615716521	23560106	0.730142183473	0.13659255976312
GO:0008840	4-hydroxy-tetrahydrodipicolinate synthase activity	molecular_function	9	514	1	0.00194552529182879	0.00116204002582311	0.461173615716521	23549228	0.730142183473	0.13659255976312
GO:0016706	2-oxoglutarate-dependent dioxygenase activity	molecular_function	9	514	1	0.00194552529182879	0.00116204002582311	0.461173615716521	23555274	0.730142183473	0.13659255976312
GO:0016973	poly(A)+ mRNA export from nucleus	biological_process	9	514	1	0.00194552529182879	0.00116204002582311	0.461173615716521	23550155	0.730142183473	0.13659255976312
GO:0032266	phosphatidylinositol-3-phosphate binding	molecular_function	9	514	1	0.00194552529182879	0.00116204002582311	0.461173615716521	23555544	0.730142183473	0.13659255976312
GO:0035267	NuA4 histone acetyltransferase complex	cellular_component	9	514	1	0.00194552529182879	0.00116204002582311	0.461173615716521	23556990	0.730142183473	0.13659255976312
GO:0042026	protein refolding	biological_process	9	514	1	0.00194552529182879	0.00116204002582311	0.461173615716521	23551385	0.730142183473	0.13659255976312
GO:0042124	1,3-beta-glucanosyltransferase activity	molecular_function	9	514	1	0.00194552529182879	0.00116204002582311	0.461173615716521	23550832	0.730142183473	0.13659255976312
GO:0042802	identical protein binding	molecular_function	9	514	1	0.00194552529182879	0.00116204002582311	0.461173615716521	23548814	0.730142183473	0.13659255976312
GO:0043087	regulation of GTPase activity	biological_process	9	514	1	0.00194552529182879	0.00116204002582311	0.461173615716521	23547846	0.730142183473	0.13659255976312
GO:0046854	phosphatidylinositol phosphate biosynthetic process	biological_process	9	514	1	0.00194552529182879	0.00116204002582311	0.461173615716521	23548610	0.730142183473	0.13659255976312
GO:0051536	iron-sulfur cluster binding	molecular_function	9	514	1	0.00194552529182879	0.00116204002582311	0.461173615716521	23548136	0.730142183473	0.13659255976312
GO:0051787	misfolded protein binding	molecular_function	9	514	1	0.00194552529182879	0.00116204002582311	0.461173615716521	23556777	0.730142183473	0.13659255976312
GO:0071577	zinc ion transmembrane transport	biological_process	9	514	1	0.00194552529182879	0.00116204002582311	0.461173615716521	23556262	0.730142183473	0.13659255976312
GO:0005506	iron ion binding	molecular_function	141	514	10	0.0194552529182879	0.0182052937378954	0.461532965569315	23548136;23549874;23549894;23551252;23552356;23554197;23556158;23556760;23556842;23559347	0.730142183473	0.13659255976312
GO:0005622	intracellular anatomical structure	cellular_component	38	514	3	0.00583657587548638	0.00490639122014203	0.466647571875672	23548613;23548979;23553657	0.735867324880867	0.133200480861134
GO:0005777	peroxisome	cellular_component	24	514	2	0.00389105058365759	0.00309877340219496	0.479593393658547	23551390;23554312	0.73641099473522	0.132879736032783
GO:0016579	protein deubiquitination	biological_process	24	514	2	0.00389105058365759	0.00309877340219496	0.479593393658547	23554461;23560309	0.73641099473522	0.132879736032783
GO:0006355	regulation of DNA-templated transcription	biological_process	265	514	18	0.0350194552529183	0.0342156229825694	0.495103437944999	23548196;23548996;23549481;23550375;23550541;23550638;23550712;23551199;23551372;23551674;23551817;23553924;23554958;23556290;23556991;23558528;23559526;23560431	0.73641099473522	0.132879736032783
GO:0000387	spliceosomal snRNP assembly	biological_process	10	514	1	0.00194552529182879	0.0012911555842479	0.496974644868758	23557057	0.73641099473522	0.132879736032783
GO:0000974	Prp19 complex	cellular_component	10	514	1	0.00194552529182879	0.0012911555842479	0.496974644868758	23553856	0.73641099473522	0.132879736032783
GO:0003777	microtubule motor activity	molecular_function	10	514	1	0.00194552529182879	0.0012911555842479	0.496974644868758	23552092	0.73641099473522	0.132879736032783
GO:0005635	nuclear envelope	cellular_component	10	514	1	0.00194552529182879	0.0012911555842479	0.496974644868758	23552145	0.73641099473522	0.132879736032783
GO:0006812	monoatomic cation transport	biological_process	10	514	1	0.00194552529182879	0.0012911555842479	0.496974644868758	23554210	0.73641099473522	0.132879736032783
GO:0007059	chromosome segregation	biological_process	10	514	1	0.00194552529182879	0.0012911555842479	0.496974644868758	23553708	0.73641099473522	0.132879736032783
GO:0016758	hexosyltransferase activity	molecular_function	10	514	1	0.00194552529182879	0.0012911555842479	0.496974644868758	23556882	0.73641099473522	0.132879736032783
GO:0017025	TBP-class protein binding	molecular_function	10	514	1	0.00194552529182879	0.0012911555842479	0.496974644868758	23552489	0.73641099473522	0.132879736032783
GO:0030148	sphingolipid biosynthetic process	biological_process	10	514	1	0.00194552529182879	0.0012911555842479	0.496974644868758	23547830	0.73641099473522	0.132879736032783
GO:0030151	molybdenum ion binding	molecular_function	10	514	1	0.00194552529182879	0.0012911555842479	0.496974644868758	23549356	0.73641099473522	0.132879736032783
GO:0030515	snoRNA binding	molecular_function	10	514	1	0.00194552529182879	0.0012911555842479	0.496974644868758	23556855	0.73641099473522	0.132879736032783
GO:0035861	site of double-strand break	cellular_component	10	514	1	0.00194552529182879	0.0012911555842479	0.496974644868758	23554392	0.73641099473522	0.132879736032783
GO:0043328	protein transport to vacuole involved in ubiquitin-dependent protein catabolic process via the multivesicular body sorting pathway	biological_process	10	514	1	0.00194552529182879	0.0012911555842479	0.496974644868758	23555544	0.73641099473522	0.132879736032783
GO:0004553	hydrolase activity, hydrolyzing O-glycosyl compounds	molecular_function	70	514	5	0.00972762645914397	0.00903808908973531	0.499925553306708	23550356;23555533;23556249;23558326;23558596	0.73641099473522	0.132879736032783
GO:0006281	DNA repair	biological_process	40	514	3	0.00583657587548638	0.00516462233699161	0.501154600038393	23556990;23557386;23559240	0.73641099473522	0.132879736032783
GO:0003712	transcription coregulator activity	molecular_function	25	514	2	0.00389105058365759	0.00322788896061975	0.50141805535833	23549836;23556606	0.73641099473522	0.132879736032783
GO:0004499	N,N-dimethylaniline monooxygenase activity	molecular_function	25	514	2	0.00389105058365759	0.00322788896061975	0.50141805535833	23548189;23558793	0.73641099473522	0.132879736032783
GO:0005747	obsolete mitochondrial respiratory chain complex I	cellular_component	25	514	2	0.00389105058365759	0.00322788896061975	0.50141805535833	23547866;23554541	0.73641099473522	0.132879736032783
GO:0006879	intracellular iron ion homeostasis	biological_process	25	514	2	0.00389105058365759	0.00322788896061975	0.50141805535833	23553453;23560154	0.73641099473522	0.132879736032783
GO:0046983	protein dimerization activity	molecular_function	25	514	2	0.00389105058365759	0.00322788896061975	0.50141805535833	23553932;23555499	0.73641099473522	0.132879736032783
GO:0005634	nucleus	cellular_component	810	514	54	0.105058365758755	0.10458360232408	0.50841458579526	23548049;23548052;23548196;23548616;23548889;23548996;23549054;23549359;23549404;23549897;23550136;23550155;23550461;23551674;23552110;23552437;23552744;23552803;23552806;23552816;23553300;23553453;23553490;23553512;23553806;23554286;23554391;23554392;23554461;23554470;23554740;23554991;23555358;23555437;23555557;23555680;23555876;23556254;23556657;23556742;23556887;23556940;23557057;23557117;23557224;23557253;23557611;23557762;23558236;23558528;23558633;23558665;23559090;23560431	0.744464214914488	0.128156173182036
GO:0043161	proteasome-mediated ubiquitin-dependent protein catabolic process	biological_process	41	514	3	0.00583657587548638	0.0052937378954164	0.517976313936982	23549036;23552744;23553300	0.745592658237648	0.127498377079203
GO:0071013	catalytic step 2 spliceosome	cellular_component	41	514	3	0.00583657587548638	0.0052937378954164	0.517976313936982	23548979;23553856;23553862	0.745592658237648	0.127498377079203
GO:0000209	protein polyubiquitination	biological_process	26	514	2	0.00389105058365759	0.00335700451904454	0.52264432931289	23548389;23556165	0.745592658237648	0.127498377079203
GO:0051015	actin filament binding	molecular_function	26	514	2	0.00389105058365759	0.00335700451904454	0.52264432931289	23554152;23559925	0.745592658237648	0.127498377079203
GO:0000226	microtubule cytoskeleton organization	biological_process	11	514	1	0.00194552529182879	0.00142027114267269	0.53040128126662	23556372	0.745592658237648	0.127498377079203
GO:0000413	protein peptidyl-prolyl isomerization	biological_process	11	514	1	0.00194552529182879	0.00142027114267269	0.53040128126662	23547969	0.745592658237648	0.127498377079203
GO:0003746	translation elongation factor activity	molecular_function	11	514	1	0.00194552529182879	0.00142027114267269	0.53040128126662	23551443	0.745592658237648	0.127498377079203
GO:0005385	zinc ion transmembrane transporter activity	molecular_function	11	514	1	0.00194552529182879	0.00142027114267269	0.53040128126662	23556262	0.745592658237648	0.127498377079203
GO:0005736	RNA polymerase I complex	cellular_component	11	514	1	0.00194552529182879	0.00142027114267269	0.53040128126662	23552803	0.745592658237648	0.127498377079203
GO:0006284	base-excision repair	biological_process	11	514	1	0.00194552529182879	0.00142027114267269	0.53040128126662	23557117	0.745592658237648	0.127498377079203
GO:0006302	double-strand break repair	biological_process	11	514	1	0.00194552529182879	0.00142027114267269	0.53040128126662	23558633	0.745592658237648	0.127498377079203
GO:0031624	ubiquitin conjugating enzyme binding	molecular_function	11	514	1	0.00194552529182879	0.00142027114267269	0.53040128126662	23556165	0.745592658237648	0.127498377079203
GO:0048038	quinone binding	molecular_function	11	514	1	0.00194552529182879	0.00142027114267269	0.53040128126662	23547866	0.745592658237648	0.127498377079203
GO:0070006	metalloaminopeptidase activity	molecular_function	11	514	1	0.00194552529182879	0.00142027114267269	0.53040128126662	23549901	0.745592658237648	0.127498377079203
GO:0006511	ubiquitin-dependent protein catabolic process	biological_process	42	514	3	0.00583657587548638	0.00542285345384119	0.534487690348084	23548350;23556165;23560309	0.749196420658853	0.125404306165757
GO:0000079	regulation of cyclin-dependent protein serine/threonine kinase activity	biological_process	12	514	1	0.00194552529182879	0.00154938670109748	0.561610712534909	23552806	0.75702046730733	0.120892378467603
GO:0004364	glutathione transferase activity	molecular_function	12	514	1	0.00194552529182879	0.00154938670109748	0.561610712534909	23554312	0.75702046730733	0.120892378467603
GO:0005388	P-type calcium transporter activity	molecular_function	12	514	1	0.00194552529182879	0.00154938670109748	0.561610712534909	23549778	0.75702046730733	0.120892378467603
GO:0005665	RNA polymerase II, core complex	cellular_component	12	514	1	0.00194552529182879	0.00154938670109748	0.561610712534909	23553932	0.75702046730733	0.120892378467603
GO:0005685	U1 snRNP	cellular_component	12	514	1	0.00194552529182879	0.00154938670109748	0.561610712534909	23557057	0.75702046730733	0.120892378467603
GO:0006623	protein targeting to vacuole	biological_process	12	514	1	0.00194552529182879	0.00154938670109748	0.561610712534909	23555544	0.75702046730733	0.120892378467603
GO:0006744	ubiquinone biosynthetic process	biological_process	12	514	1	0.00194552529182879	0.00154938670109748	0.561610712534909	23554509	0.75702046730733	0.120892378467603
GO:0006749	glutathione metabolic process	biological_process	12	514	1	0.00194552529182879	0.00154938670109748	0.561610712534909	23554312	0.75702046730733	0.120892378467603
GO:0006807	obsolete nitrogen compound metabolic process	biological_process	12	514	1	0.00194552529182879	0.00154938670109748	0.561610712534909	23554233	0.75702046730733	0.120892378467603
GO:0006906	vesicle fusion	biological_process	12	514	1	0.00194552529182879	0.00154938670109748	0.561610712534909	23556854	0.75702046730733	0.120892378467603
GO:0008080	N-acetyltransferase activity	molecular_function	12	514	1	0.00194552529182879	0.00154938670109748	0.561610712534909	23551311	0.75702046730733	0.120892378467603
GO:0009272	fungal-type cell wall biogenesis	biological_process	12	514	1	0.00194552529182879	0.00154938670109748	0.561610712534909	23548068	0.75702046730733	0.120892378467603
GO:0010468	regulation of gene expression	biological_process	12	514	1	0.00194552529182879	0.00154938670109748	0.561610712534909	23550461	0.75702046730733	0.120892378467603
GO:0034727	piecemeal microautophagy of the nucleus	biological_process	12	514	1	0.00194552529182879	0.00154938670109748	0.561610712534909	23550130	0.75702046730733	0.120892378467603
GO:0000785	chromatin	cellular_component	28	514	2	0.00389105058365759	0.00361523563589413	0.563239312482728	23551674;23553446	0.757141370878421	0.120823022930361
GO:0008270	zinc ion binding	molecular_function	522	514	34	0.066147859922179	0.0673983214977405	0.573793201746715	23547898;23548023;23548190;23548196;23548996;23549481;23550136;23550146;23550375;23550541;23550638;23550704;23550712;23551199;23551474;23551817;23551998;23552566;23552841;23553513;23553591;23553646;23553924;23554740;23555079;23556165;23556290;23556357;23556991;23557057;23557118;23558528;23559526;23560431	0.769226853567803	0.113945563028528
GO:0006338	chromatin remodeling	biological_process	29	514	2	0.00389105058365759	0.00374435119431892	0.582588388790048	23551674;23556990	0.769838737346294	0.113600239522975
GO:0046982	protein heterodimerization activity	molecular_function	29	514	2	0.00389105058365759	0.00374435119431892	0.582588388790048	23548631;23552402	0.769838737346294	0.113600239522975
GO:0003924	GTPase activity	molecular_function	93	514	6	0.0116731517509728	0.0120077469335055	0.58890650799864	23551308;23551584;23552889;23553770;23554459;23560363	0.769838737346294	0.113600239522975
GO:0000124	SAGA complex	cellular_component	13	514	1	0.00194552529182879	0.00167850225952227	0.590749739271888	23549054	0.769838737346294	0.113600239522975
GO:0004806	triacylglycerol lipase activity	molecular_function	13	514	1	0.00194552529182879	0.00167850225952227	0.590749739271888	23549633	0.769838737346294	0.113600239522975
GO:0006368	transcription elongation by RNA polymerase II	biological_process	13	514	1	0.00194552529182879	0.00167850225952227	0.590749739271888	23554375	0.769838737346294	0.113600239522975
GO:0015031	protein transport	biological_process	13	514	1	0.00194552529182879	0.00167850225952227	0.590749739271888	23553154	0.769838737346294	0.113600239522975
GO:0016226	iron-sulfur cluster assembly	biological_process	13	514	1	0.00194552529182879	0.00167850225952227	0.590749739271888	23548136	0.769838737346294	0.113600239522975
GO:0016538	cyclin-dependent protein serine/threonine kinase regulator activity	molecular_function	13	514	1	0.00194552529182879	0.00167850225952227	0.590749739271888	23552806	0.769838737346294	0.113600239522975
GO:0060090	molecular adaptor activity	molecular_function	13	514	1	0.00194552529182879	0.00167850225952227	0.590749739271888	23554459	0.769838737346294	0.113600239522975
GO:0006351	DNA-templated transcription	biological_process	218	514	14	0.0272373540856031	0.0281471917366043	0.591461468936787	23548129;23548190;23548196;23549481;23551998;23552803;23553513;23553591;23553646;23553924;23554740;23556290;23558528;23560431	0.769838737346294	0.113600239522975
GO:0010181	FMN binding	molecular_function	46	514	3	0.00583657587548638	0.00593931568754035	0.597175199747003	23549073;23553657;23558263	0.773184732304015	0.111716730356862
GO:0016747	acyltransferase activity, transferring groups other than amino-acyl groups	molecular_function	46	514	3	0.00583657587548638	0.00593931568754035	0.597175199747003	23554910;23555386;23559375	0.773184732304015	0.111716730356862
GO:0005085	guanyl-nucleotide exchange factor activity	molecular_function	30	514	2	0.00389105058365759	0.00387346675274371	0.601298729204308	23554991;23555914	0.776480248736272	0.109869586907662
GO:0000045	autophagosome assembly	biological_process	14	514	1	0.00194552529182879	0.00180761781794706	0.617955460173886	23548803	0.777580783645913	0.109254480668797
GO:0004197	cysteine-type endopeptidase activity	molecular_function	14	514	1	0.00194552529182879	0.00180761781794706	0.617955460173886	23554461	0.777580783645913	0.109254480668797
GO:0004722	protein serine/threonine phosphatase activity	molecular_function	14	514	1	0.00194552529182879	0.00180761781794706	0.617955460173886	23551296	0.777580783645913	0.109254480668797
GO:0005198	structural molecule activity	molecular_function	14	514	1	0.00194552529182879	0.00180761781794706	0.617955460173886	23553001	0.777580783645913	0.109254480668797
GO:0005763	mitochondrial small ribosomal subunit	cellular_component	14	514	1	0.00194552529182879	0.00180761781794706	0.617955460173886	23560391	0.777580783645913	0.109254480668797
GO:0006491	N-glycan processing	biological_process	14	514	1	0.00194552529182879	0.00180761781794706	0.617955460173886	23553123	0.777580783645913	0.109254480668797
GO:0007005	mitochondrion organization	biological_process	14	514	1	0.00194552529182879	0.00180761781794706	0.617955460173886	23556864	0.777580783645913	0.109254480668797
GO:0008194	UDP-glycosyltransferase activity	molecular_function	14	514	1	0.00194552529182879	0.00180761781794706	0.617955460173886	23555998	0.777580783645913	0.109254480668797
GO:0008289	lipid binding	molecular_function	14	514	1	0.00194552529182879	0.00180761781794706	0.617955460173886	23548366	0.777580783645913	0.109254480668797
GO:0071944	cell periphery	cellular_component	14	514	1	0.00194552529182879	0.00180761781794706	0.617955460173886	23549050	0.777580783645913	0.109254480668797
GO:0016491	oxidoreductase activity	molecular_function	239	514	15	0.0291828793774319	0.0308586184635249	0.628307735629953	23548019;23549356;23549874;23549894;23550068;23550578;23551053;23551247;23551474;23552008;23552323;23552566;23553144;23554738;23556150	0.788590321249839	0.103148557536169
GO:0003899	DNA-directed RNA polymerase activity	molecular_function	15	514	1	0.00194552529182879	0.00193673337637185	0.64335591205212	23552803	0.791327771824107	0.10164359234362
GO:0006979	response to oxidative stress	biological_process	15	514	1	0.00194552529182879	0.00193673337637185	0.64335591205212	23553683	0.791327771824107	0.10164359234362
GO:0016573	obsolete histone acetylation	biological_process	15	514	1	0.00194552529182879	0.00193673337637185	0.64335591205212	23549054	0.791327771824107	0.10164359234362
GO:0016788	hydrolase activity, acting on ester bonds	molecular_function	15	514	1	0.00194552529182879	0.00193673337637185	0.64335591205212	23556314	0.791327771824107	0.10164359234362
GO:0019901	protein kinase binding	molecular_function	15	514	1	0.00194552529182879	0.00193673337637185	0.64335591205212	23552806	0.791327771824107	0.10164359234362
GO:0032153	cell division site	cellular_component	15	514	1	0.00194552529182879	0.00193673337637185	0.64335591205212	23554459	0.791327771824107	0.10164359234362
GO:0033617	mitochondrial respiratory chain complex IV assembly	biological_process	15	514	1	0.00194552529182879	0.00193673337637185	0.64335591205212	23557743	0.791327771824107	0.10164359234362
GO:0042744	hydrogen peroxide catabolic process	biological_process	15	514	1	0.00194552529182879	0.00193673337637185	0.64335591205212	23553683	0.791327771824107	0.10164359234362
GO:0003682	chromatin binding	molecular_function	33	514	2	0.00389105058365759	0.00426081342801808	0.653605446115562	23552604;23554375	0.801929874037049	0.0958636075890468
GO:0005975	carbohydrate metabolic process	biological_process	181	514	11	0.0214007782101167	0.023369916074887	0.663792263875748	23548280;23550356;23550832;23551184;23553123;23554759;23555079;23555533;23556249;23558008;23558326	0.804408746351465	0.0945232159575341
GO:0000151	ubiquitin ligase complex	cellular_component	16	514	1	0.00194552529182879	0.00206584893479664	0.667070667706093	23556165	0.804408746351465	0.0945232159575341
GO:0000155	phosphorelay sensor kinase activity	molecular_function	16	514	1	0.00194552529182879	0.00206584893479664	0.667070667706093	23554690	0.804408746351465	0.0945232159575341
GO:0000293	ferric-chelate reductase activity	molecular_function	16	514	1	0.00194552529182879	0.00206584893479664	0.667070667706093	23560154	0.804408746351465	0.0945232159575341
GO:0003755	peptidyl-prolyl cis-trans isomerase activity	molecular_function	16	514	1	0.00194552529182879	0.00206584893479664	0.667070667706093	23547969	0.804408746351465	0.0945232159575341
GO:0005758	mitochondrial intermembrane space	cellular_component	16	514	1	0.00194552529182879	0.00206584893479664	0.667070667706093	23548613	0.804408746351465	0.0945232159575341
GO:0015677	copper ion import	biological_process	16	514	1	0.00194552529182879	0.00206584893479664	0.667070667706093	23560154	0.804408746351465	0.0945232159575341
GO:0005525	GTP binding	molecular_function	102	514	6	0.0116731517509728	0.0131697869593286	0.678726378228916	23551584;23552889;23553770;23554396;23554459;23560363	0.809288797270588	0.0918964713672895
GO:0000139	Golgi membrane	cellular_component	52	514	3	0.00583657587548638	0.00671400903808909	0.680305015752047	23549900;23552970;23554527	0.809288797270588	0.0918964713672895
GO:0032040	small-subunit processome	cellular_component	35	514	2	0.00389105058365759	0.00451904454486766	0.685341923149016	23553474;23556855	0.809288797270588	0.0918964713672895
GO:0061630	ubiquitin protein ligase activity	molecular_function	35	514	2	0.00389105058365759	0.00451904454486766	0.685341923149016	23548350;23556165	0.809288797270588	0.0918964713672895
GO:0000149	SNARE binding	molecular_function	17	514	1	0.00194552529182879	0.00219496449322143	0.68921139442353	23556854	0.809288797270588	0.0918964713672895
GO:0005484	SNAP receptor activity	molecular_function	17	514	1	0.00194552529182879	0.00219496449322143	0.68921139442353	23556854	0.809288797270588	0.0918964713672895
GO:0005874	microtubule	cellular_component	17	514	1	0.00194552529182879	0.00219496449322143	0.68921139442353	23552889	0.809288797270588	0.0918964713672895
GO:0006397	mRNA processing	biological_process	17	514	1	0.00194552529182879	0.00219496449322143	0.68921139442353	23558968	0.809288797270588	0.0918964713672895
GO:0006635	fatty acid beta-oxidation	biological_process	17	514	1	0.00194552529182879	0.00219496449322143	0.68921139442353	23559918	0.809288797270588	0.0918964713672895
GO:0006826	iron ion transport	biological_process	17	514	1	0.00194552529182879	0.00219496449322143	0.68921139442353	23560154	0.809288797270588	0.0918964713672895
GO:0008237	metallopeptidase activity	molecular_function	17	514	1	0.00194552529182879	0.00219496449322143	0.68921139442353	23549954	0.809288797270588	0.0918964713672895
GO:0006468	protein phosphorylation	biological_process	104	514	6	0.0116731517509728	0.0134280180761782	0.696864293396471	23550461;23555682;23555884;23556823;23557224;23558631	0.816326743693009	0.0881359753393108
GO:0006364	rRNA processing	biological_process	36	514	2	0.00389105058365759	0.00464816010329245	0.700295896150589	23553474;23556855	0.817944095648628	0.0872763782125374
GO:0005886	plasma membrane	cellular_component	236	514	14	0.0272373540856031	0.0304712717882505	0.708643985024868	23548366;23548610;23549861;23550861;23554169;23554370;23555301;23555804;23556262;23556428;23556657;23556854;23557691;23560154	0.817944095648628	0.0872763782125374
GO:0000122	negative regulation of transcription by RNA polymerase II	biological_process	18	514	1	0.00194552529182879	0.00232408005164622	0.709882375695049	23556990	0.817944095648628	0.0872763782125374
GO:0008757	S-adenosylmethionine-dependent methyltransferase activity	molecular_function	18	514	1	0.00194552529182879	0.00232408005164622	0.709882375695049	23550966	0.817944095648628	0.0872763782125374
GO:0031201	SNARE complex	cellular_component	18	514	1	0.00194552529182879	0.00232408005164622	0.709882375695049	23556854	0.817944095648628	0.0872763782125374
GO:0032543	mitochondrial translation	biological_process	18	514	1	0.00194552529182879	0.00232408005164622	0.709882375695049	23553703	0.817944095648628	0.0872763782125374
GO:0051087	protein-folding chaperone binding	molecular_function	18	514	1	0.00194552529182879	0.00232408005164622	0.709882375695049	23556777	0.817944095648628	0.0872763782125374
GO:0000160	phosphorelay signal transduction system	biological_process	19	514	1	0.00194552529182879	0.00245319561007101	0.729180998561976	23554690	0.832382949634553	0.0796768243703911
GO:0012505	endomembrane system	cellular_component	19	514	1	0.00194552529182879	0.00245319561007101	0.729180998561976	23556854	0.832382949634553	0.0796768243703911
GO:0042273	ribosomal large subunit biogenesis	biological_process	19	514	1	0.00194552529182879	0.00245319561007101	0.729180998561976	23551162	0.832382949634553	0.0796768243703911
GO:0051539	4 iron, 4 sulfur cluster binding	molecular_function	19	514	1	0.00194552529182879	0.00245319561007101	0.729180998561976	23557826	0.832382949634553	0.0796768243703911
GO:0003676	nucleic acid binding	molecular_function	91	514	5	0.00972762645914397	0.0117495158166559	0.730982512823501	23548616;23550146;23553947;23559235;23560463	0.832507861826765	0.0796116565221111
GO:0016592	mediator complex	cellular_component	20	514	1	0.00194552529182879	0.0025823111684958	0.747198208856973	23556606	0.845106939672714	0.0730883320311732
GO:0042147	retrograde transport, endosome to Golgi	biological_process	20	514	1	0.00194552529182879	0.0025823111684958	0.747198208856973	23548986	0.845106939672714	0.0730883320311732
GO:0042254	ribosome biogenesis	biological_process	20	514	1	0.00194552529182879	0.0025823111684958	0.747198208856973	23557762	0.845106939672714	0.0730883320311732
GO:0003677	DNA binding	molecular_function	276	514	16	0.0311284046692607	0.0356358941252421	0.750550761066131	23549481;23552803;23553513;23553591;23553924;23553932;23554391;23554740;23554958;23555876;23556290;23556845;23557117;23557646;23558528;23560431	0.846951776248937	0.0721413168301044
GO:0000981	DNA-binding transcription factor activity, RNA polymerase II-specific	molecular_function	342	514	20	0.0389105058365759	0.0441575209812782	0.756690890269971	23548190;23548196;23548996;23549481;23550375;23550541;23550638;23550704;23550712;23551199;23551817;23551998;23553446;23553646;23553924;23556290;23556991;23558528;23559526;23560431	0.851926585841706	0.0695978286341967
GO:0016020	membrane	cellular_component	661	514	40	0.0778210116731518	0.0853453841187863	0.759253729969652	23547618;23547987;23548220;23548521;23548740;23548754;23548803;23548859;23549139;23549364;23549378;23549552;23549689;23549778;23549826;23549962;23550130;23550639;23551119;23551257;23551677;23552356;23552470;23552878;23552889;23553201;23553352;23553766;23553915;23554160;23554210;23554542;23555352;23555686;23555981;23556975;23558105;23558799;23559111;23559891	0.852374867874946	0.0693693638664907
GO:0004222	metalloendopeptidase activity	molecular_function	21	514	1	0.00194552529182879	0.00271142672692059	0.764018936448885	23560353	0.852374867874946	0.0693693638664907
GO:0016810	hydrolase activity, acting on carbon-nitrogen (but not peptide) bonds	molecular_function	21	514	1	0.00194552529182879	0.00271142672692059	0.764018936448885	23553565	0.852374867874946	0.0693693638664907
GO:0035091	phosphatidylinositol binding	molecular_function	21	514	1	0.00194552529182879	0.00271142672692059	0.764018936448885	23549956	0.852374867874946	0.0693693638664907
GO:0006457	protein folding	biological_process	42	514	2	0.00389105058365759	0.00542285345384119	0.77801759289903	23547969;23549359	0.860467051470427	0.0652657547827195
GO:0005681	spliceosomal complex	cellular_component	22	514	1	0.00194552529182879	0.00284054228534538	0.779722492464585	23547935	0.860467051470427	0.0652657547827195
GO:0006891	intra-Golgi vesicle-mediated transport	biological_process	22	514	1	0.00194552529182879	0.00284054228534538	0.779722492464585	23553001	0.860467051470427	0.0652657547827195
GO:0016614	oxidoreductase activity, acting on CH-OH group of donors	molecular_function	22	514	1	0.00194552529182879	0.00284054228534538	0.779722492464585	23547701	0.860467051470427	0.0652657547827195
GO:0016616	oxidoreductase activity, acting on the CH-OH group of donors, NAD or NADP as acceptor	molecular_function	61	514	3	0.00583657587548638	0.0078760490639122	0.780016879991485	23547977;23549348;23558503	0.860467051470427	0.0652657547827195
GO:0051082	obsolete unfolded protein binding	molecular_function	43	514	2	0.00389105058365759	0.00555196901226598	0.789107497872663	23548490;23551385	0.864682315581655	0.0631434230919618
GO:0000278	mitotic cell cycle	biological_process	23	514	1	0.00194552529182879	0.00296965784377017	0.794382940331114	23549897	0.864682315581655	0.0631434230919618
GO:0000724	double-strand break repair via homologous recombination	biological_process	23	514	1	0.00194552529182879	0.00296965784377017	0.794382940331114	23555876	0.864682315581655	0.0631434230919618
GO:0006631	fatty acid metabolic process	biological_process	23	514	1	0.00194552529182879	0.00296965784377017	0.794382940331114	23552356	0.864682315581655	0.0631434230919618
GO:0030687	preribosome, large subunit precursor	cellular_component	23	514	1	0.00194552529182879	0.00296965784377017	0.794382940331114	23551162	0.864682315581655	0.0631434230919618
GO:0070588	calcium ion transmembrane transport	biological_process	23	514	1	0.00194552529182879	0.00296965784377017	0.794382940331114	23549778	0.864682315581655	0.0631434230919618
GO:0005509	calcium ion binding	molecular_function	44	514	2	0.00389105058365759	0.00568108457069077	0.799706680276423	23554370;23556657	0.86855559977042	0.0612023753739248
GO:0045944	positive regulation of transcription by RNA polymerase II	biological_process	101	514	5	0.00972762645914397	0.0130406714009038	0.809459836511363	23548190;23550704;23551998;23553646;23554391	0.8772119814176	0.0568954451340344
GO:0022857	transmembrane transporter activity	molecular_function	273	514	15	0.0291828793774319	0.0352485474499677	0.813196198368448	23547698;23548390;23548740;23548754;23549552;23549689;23550219;23550645;23551044;23551625;23551677;23554601;23555352;23556636;23558799	0.879324240873134	0.0558509542133043
GO:0042393	histone binding	molecular_function	25	514	1	0.00194552529182879	0.00322788896061975	0.820846583485441	23554391	0.884799490471274	0.0531551361360966
GO:0020037	heme binding	molecular_function	156	514	8	0.0155642023346304	0.0201420271142673	0.821856437287342	23548220;23549356;23552356;23553683;23556158;23556842;23558263;23559347	0.884799490471274	0.0531551361360966
GO:0005515	protein binding	molecular_function	604	514	35	0.0680933852140078	0.0779857972885733	0.828738088400631	23547846;23547957;23547969;23548143;23548389;23548718;23549954;23550134;23550136;23550244;23551045;23552470;23552603;23552744;23553001;23553739;23553948;23554392;23554461;23554527;23555133;23555301;23555492;23555549;23555845;23556033;23556098;23556184;23556657;23556970;23557026;23557514;23558455;23558968;23560392	0.890260129897621	0.0504830759703505
GO:0009058	biosynthetic process	biological_process	26	514	1	0.00194552529182879	0.00335700451904454	0.832774673652343	23555477	0.89264736260774	0.0493200738326047
GO:0000329	fungal-type vacuole membrane	cellular_component	89	514	4	0.00778210116731518	0.0114912846998063	0.851001950718903	23547698;23548601;23550645;23551044	0.9097796084077	0.0410638015742766
GO:0015171	amino acid transmembrane transporter activity	molecular_function	50	514	2	0.00389105058365759	0.00645577792123951	0.853898254951636	23551257;23558105	0.9097796084077	0.0410638015742766
GO:0000932	P-body	cellular_component	28	514	1	0.00194552529182879	0.00361523563589413	0.854305242041377	23556742	0.9097796084077	0.0410638015742766
GO:0005576	extracellular region	cellular_component	71	514	3	0.00583657587548638	0.0091672046481601	0.859259007587045	23550832;23550926;23555619	0.913078686248004	0.0394917947211155
GO:0001228	DNA-binding transcription activator activity, RNA polymerase II-specific	molecular_function	30	514	1	0.00194552529182879	0.00387346675274371	0.87306840454997	23553490	0.925753566893503	0.0335046059550723
GO:0005524	ATP binding	molecular_function	542	514	30	0.0583657587548638	0.0699806326662363	0.878358461916337	23548647;23548772;23548776;23549036;23549359;23549778;23549878;23550353;23550461;23550639;23551385;23551443;23552092;23553114;23553703;23553947;23554197;23554391;23554542;23555682;23555884;23556823;23557137;23557224;23557701;23557762;23558091;23558631;23559235;23559995	0.928715873977486	0.0321171312561984
GO:0006606	protein import into nucleus	biological_process	31	514	1	0.00194552529182879	0.0040025823111685	0.881525026722532	23554991	0.928715873977486	0.0321171312561984
GO:0007165	signal transduction	biological_process	31	514	1	0.00194552529182879	0.0040025823111685	0.881525026722532	23550461	0.928715873977486	0.0321171312561984
GO:0005768	endosome	cellular_component	32	514	1	0.00194552529182879	0.00413169786959329	0.8894192626915	23548986	0.93503050693209	0.0291742193134407
GO:0008168	methyltransferase activity	molecular_function	56	514	2	0.00389105058365759	0.00723047127178825	0.894396813896856	23550828;23560391	0.938258491337426	0.0276774964866349
GO:0004674	protein serine/threonine kinase activity	molecular_function	57	514	2	0.00389105058365759	0.00735958683021304	0.900036513712921	23555884;23556823	0.942165882439909	0.0258726264152942
GO:0003333	amino acid transmembrane transport	biological_process	60	514	2	0.00389105058365759	0.00774693350548741	0.915315466267572	23551257;23558105	0.955978163788828	0.019552027655202
GO:0006357	regulation of transcription by RNA polymerase II	biological_process	142	514	6	0.0116731517509728	0.0183344092963202	0.917117262821803	23553446;23553490;23553806;23556129;23556606;23557611	0.955978163788828	0.019552027655202
GO:0006487	protein N-linked glycosylation	biological_process	38	514	1	0.00194552529182879	0.00490639122014203	0.926900871168811	23552970	0.964133675718932	0.0158627476300361
GO:0016887	ATP hydrolysis activity	molecular_function	203	514	9	0.0175097276264591	0.0262104583602324	0.929523659792648	23548647;23549036;23549778;23550639;23551443;23554197;23554542;23557762;23558633	0.964822026620217	0.0155527902677513
GO:0000324	fungal-type vacuole	cellular_component	40	514	1	0.00194552529182879	0.00516462233699161	0.936326668047935	23555458	0.969837306693861	0.0133011139102703
GO:0005351	carbohydrate:proton symporter activity	molecular_function	92	514	3	0.00583657587548638	0.0118786313750807	0.94919614993551	23547618;23551119;23552878	0.979045085468074	0.00919730827944745
GO:0008643	carbohydrate transport	biological_process	92	514	3	0.00583657587548638	0.0118786313750807	0.94919614993551	23547618;23551119;23552878	0.979045085468074	0.00919730827944745
GO:0003723	RNA binding	molecular_function	219	514	9	0.0175097276264591	0.0282763072950291	0.95973117659966	23548979;23549979;23549998;23553512;23554409;23555437;23557192;23557253;23557762	0.987840457922662	0.0053131908766923
GO:0003700	DNA-binding transcription factor activity	molecular_function	48	514	1	0.00194552529182879	0.00619754680438993	0.963358110781218	23556940	0.987892046498342	0.00529051105166337
GO:0004672	protein kinase activity	molecular_function	49	514	1	0.00194552529182879	0.00632666236281472	0.965805029198582	23558631	0.987892046498342	0.00529051105166337
GO:0140359	ABC-type transporter activity	molecular_function	49	514	1	0.00194552529182879	0.00632666236281472	0.965805029198582	23550639	0.987892046498342	0.00529051105166337
GO:0030170	pyridoxal phosphate binding	molecular_function	77	514	2	0.00389105058365759	0.00994189799870884	0.967871130836921	23551395;23556675	0.987951444754699	0.00526439933270122
GO:0000978	RNA polymerase II cis-regulatory region sequence-specific DNA binding	molecular_function	87	514	2	0.00389105058365759	0.0112330535829567	0.98216710466227	23553446;23553490	0.999782508046105	9.44658285860813e-05
GO:0016705	oxidoreductase activity, acting on paired donors, with incorporation or reduction of molecular oxygen	molecular_function	117	514	3	0.00583657587548638	0.0151065203357005	0.986367173899457	23556158;23556842;23559347	0.999782508046105	9.44658285860813e-05
GO:0003824	catalytic activity	molecular_function	93	514	2	0.00389105058365759	0.0120077469335055	0.987539917854688	23556852;23558008	0.999782508046105	9.44658285860813e-05
GO:0005730	nucleolus	cellular_component	99	514	2	0.00389105058365759	0.0127824402840542	0.991324232557665	23548899;23556855	0.999782508046105	9.44658285860813e-05
GO:0004497	monooxygenase activity	molecular_function	129	514	3	0.00583657587548638	0.0166559070367979	0.992957834214849	23556158;23556842;23559347	0.999782508046105	9.44658285860813e-05
GO:0055085	transmembrane transport	biological_process	521	514	22	0.0428015564202335	0.0672692059393157	0.994039017085553	23547618;23547698;23548068;23548390;23548740;23548754;23549552;23549689;23550219;23550639;23550645;23551044;23551119;23551625;23551677;23552878;23554210;23554601;23555352;23556636;23557993;23558799	0.999782508046105	9.44658285860813e-05
GO:0071949	FAD binding	molecular_function	108	514	2	0.00389105058365759	0.0139444803098773	0.994988636825147	23551247;23555198	0.999782508046105	9.44658285860813e-05
GO:0000976	transcription cis-regulatory region binding	molecular_function	79	514	1	0.00194552529182879	0.0102001291155584	0.995718351509332	23548196	0.999782508046105	9.44658285860813e-05
GO:0006412	translation	biological_process	102	514	1	0.00194552529182879	0.0131697869593286	0.999134377122398	23560391	0.999946946761556	2.30413399176591e-05
GO:0003735	structural constituent of ribosome	molecular_function	142	514	1	0.00194552529182879	0.0183344092963202	0.999946946761556	23560391	0.999946946761556	2.30413399176591e-05
